id,first_name,last_name,email,location_id,gender
1,Marcus,Davidovitz,mdavidovitz0@craigslist.org,16,Male
2,Billie,Perez,bperez1@newsvine.com,3,Male
3,Marsh,Nardi,mnardi2@reuters.com,18,Male
4,Maiga,MacGray,mmacgray3@twitter.com,3,Female
5,Maxi,Christophe,mchristophe4@samsung.com,8,Female
6,Ogdan,Gainfort,ogainfort5@godaddy.com,14,Non-binary
7,Frank,Cosker,fcosker6@umn.edu,1,Female
8,Evangelia,Jannaway,ejannaway7@howstuffworks.com,6,Female
9,Bette,Wheater,bwheater8@wikimedia.org,19,Female
10,Valina,Joselevitz,vjoselevitz9@unc.edu,13,Female
11,Ximenez,Camocke,xcamockea@comcast.net,13,Male
12,Kalindi,Isoldi,kisoldib@comcast.net,4,Female
13,Arlyn,Maloney,amaloneyc@disqus.com,20,Female
14,Mike,Mateus,mmateusd@china.com.cn,15,Male
15,Gerty,Mandell,gmandelle@blogspot.com,15,Female
16,Jane,Greest,jgreestf@goo.gl,17,Female
17,Kristan,MacCoughen,kmaccougheng@elpais.com,7,Female
18,Erny,Fisby,efisbyh@sfgate.com,13,Male
19,Faith,Lincke,flinckei@com.com,10,Female
20,Maddie,Priddis,mpriddisj@naver.com,12,Male
21,Sanson,Matiebe,smatiebek@flavors.me,7,Male
22,Terra,Cuardall,tcuardalll@npr.org,5,Bigender
23,Tynan,Icke,tickem@tuttocitta.it,14,Male
24,Bethany,Schaumann,bschaumannn@webs.com,19,Female
25,Evangelina,Casin,ecasino@nsw.gov.au,5,Female
26,Berne,Hendriks,bhendriksp@myspace.com,8,Male
27,Hobart,Copperwaite,hcopperwaiteq@dyndns.org,20,Male
28,Aron,Dunniom,adunniomr@smh.com.au,20,Male
29,Lorrie,Stiell,lstiells@netscape.com,2,Male
30,Allianora,Annakin,aannakint@skyrock.com,11,Female
31,Emmerich,Godsal,egodsalu@irs.gov,19,Male
32,Auroora,Robecon,arobeconv@europa.eu,9,Female
33,Cello,Pietruschka,cpietruschkaw@hibu.com,16,Male
34,Phillip,Giabuzzi,pgiabuzzix@soup.io,18,Male
35,Rafi,Belf,rbelfy@skyrock.com,6,Male
36,Montague,Lissandrini,mlissandriniz@zdnet.com,10,Polygender
37,Bronny,Govier,bgovier10@reuters.com,16,Male
38,Josi,Seal,jseal11@wufoo.com,6,Female
39,Mara,Effemy,meffemy12@google.nl,19,Female
40,Andrea,Bellew,abellew13@reddit.com,1,Male
41,Fabio,Twelftree,ftwelftree14@ovh.net,16,Male
42,Waldemar,Bodiam,wbodiam15@sourceforge.net,3,Male
43,Mignonne,Francello,mfrancello16@amazon.co.uk,4,Bigender
44,Prince,Bourgaize,pbourgaize17@lulu.com,14,Male
45,Bran,Fulstow,bfulstow18@businessinsider.com,14,Genderfluid
46,Lind,Blasiak,lblasiak19@skyrock.com,15,Female
47,Ada,Castelletti,acastelletti1a@hc360.com,1,Female
48,Rhonda,Iffland,riffland1b@auda.org.au,8,Female
49,Winfred,Streak,wstreak1c@moonfruit.com,12,Male
50,Drucill,Mitton,dmitton1d@friendfeed.com,9,Female
51,Laughton,Yellowlee,lyellowlee1e@netvibes.com,5,Male
52,Starr,Bestar,sbestar1f@homestead.com,7,Female
53,Heather,Djordjevic,hdjordjevic1g@photobucket.com,2,Agender
54,Erick,Hammond,ehammond1h@psu.edu,11,Polygender
55,Shanda,Callard,scallard1i@freewebs.com,20,Female
56,Wilona,Deaconson,wdeaconson1j@vinaora.com,12,Female
57,Ella,Glasscoe,eglasscoe1k@dailymail.co.uk,1,Female
58,Goran,Montford,gmontford1l@blogtalkradio.com,7,Male
59,Cyrillus,Fetherby,cfetherby1m@noaa.gov,20,Genderfluid
60,Ewan,Cloney,ecloney1n@imdb.com,13,Bigender
61,Guinna,Syce,gsyce1o@live.com,13,Bigender
62,Selle,Chumley,schumley1p@cdbaby.com,9,Female
63,Krysta,Jouanny,kjouanny1q@disqus.com,19,Female
64,Cyndia,Buesden,cbuesden1r@ox.ac.uk,12,Genderqueer
65,Avrit,Meachan,ameachan1s@qq.com,16,Female
66,Hugibert,La Batie,hlabatie1t@theglobeandmail.com,14,Male
67,Martita,Pendrill,mpendrill1u@vkontakte.ru,16,Female
68,Ursa,Castelot,ucastelot1v@ucsd.edu,18,Female
69,Corenda,Gergher,cgergher1w@boston.com,13,Female
70,Ambrosi,Kassidy,akassidy1x@booking.com,10,Male
71,Sib,Stopper,sstopper1y@wordpress.com,20,Female
72,Shani,Lease,slease1z@behance.net,7,Agender
73,Gilbert,Sporgeon,gsporgeon20@mail.ru,13,Male
74,Morly,Blayd,mblayd21@globo.com,14,Male
75,Alicea,Mountcastle,amountcastle22@youku.com,11,Female
76,Em,Crossfield,ecrossfield23@gmpg.org,3,Male
77,Otis,Gallo,ogallo24@last.fm,1,Male
78,Elmo,Rimell,erimell25@google.fr,7,Male
79,Yul,Shales,yshales26@lulu.com,16,Male
80,Nico,Naris,nnaris27@latimes.com,17,Male
81,Livvie,Freeland,lfreeland28@fda.gov,6,Female
82,Trevar,Causbey,tcausbey29@de.vu,18,Male
83,Tamar,Veschambre,tveschambre2a@msn.com,15,Female
84,Diane-marie,Hearst,dhearst2b@latimes.com,10,Female
85,Horace,Swayte,hswayte2c@seesaa.net,12,Male
86,Jaquith,Cawson,jcawson2d@yolasite.com,1,Female
87,Georgianne,Goodbanne,ggoodbanne2e@simplemachines.org,11,Female
88,Bev,Still,bstill2f@upenn.edu,4,Female
89,Brear,Beetham,bbeetham2g@google.com.au,8,Female
90,Darrelle,Merigon,dmerigon2h@nymag.com,6,Female
91,Jory,Leall,jleall2i@adobe.com,1,Male
92,Coop,Cantu,ccantu2j@seattletimes.com,10,Male
93,Stormie,Scedall,sscedall2k@hatena.ne.jp,3,Genderfluid
94,Weylin,Lappin,wlappin2l@skype.com,16,Male
95,Sharline,Rraundl,srraundl2m@toplist.cz,11,Female
96,Jerrie,Noteyoung,jnoteyoung2n@mapy.cz,18,Male
97,Inger,Episcopi,iepiscopi2o@ycombinator.com,5,Female
98,Cody,Gregoli,cgregoli2p@fc2.com,20,Male
99,Arlin,Kleinber,akleinber2q@sourceforge.net,3,Male
100,Robinson,Van der Hoven,rvanderhoven2r@comsenz.com,2,Male